zipcode,SQMI,x,y,Pct_EV,Cport_den,Sex_ratio,Pct_30_60,Pct_60,Pct_bachelor,Med_incm_family,Ln_pop_den,Pking_den,Num_veh_hd,Num_wk_hd,Road_den,Pct_white,ev_cnt,FuelV_cnt,CS_cnt,CPort_cnt,FuelS_cnt,Pop,Pop_male,Pop_female,num_bachelor,pk_SQMI_cnt,pk_SQMI_sum,len_mile_cnt,len_mile_sum,year
60002,41.093879,-88.08966742,42.46807222,1.482004234,4.499730356,100.1,41.1,22.4,25.50807059,107963,6.36636,0.066287,2.0608,1.2837,5.114175,88.55,42,2792,,,3,23914,11960,11954,6100,17,0.02724,945,210.161301,2020
60004,11.386931,-87.97868368,42.11219304,4.332237825,0.614739828,94.1,40.8,25.6,42.11129233,125501,8.416948,0.693936,1.7572,1.2382,17.690892,79.74,145,3202,4,7,5,51504,24964,26540,21689,55,0.079018,1383,201.444962,2020
60005,8.425743,-87.98788385,42.05763045,3.244622676,0.237367791,102.8,41.3,26.2,39.71967433,113375,8.147511,2.212541,1.6221,1.1703,14.543879,77.76,89,2654,1,2,4,29109,14755,14354,11562,118,0.186423,735,122.542985,2020
60007,15.824509,-87.9963691,42.00942029,3.195543829,0.631931139,91.1,41.5,26.8,28.28128812,105563,7.63638,0.95177,1.81,1.2564,11.873361,80.72,109,3302,4,10,11,32792,15628,17164,9274,105,0.150613,1043,187.890115,2020
60008,5.24462,-88.02261469,42.07462963,2.034358047,5.720147504,105.9,43.2,20.2,26.46885082,87247,8.341913,2.47507,1.8073,1.3646,18.520221,71.2,45,2167,3,30,3,22007,11319,10688,5825,37,0.129808,726,97.131523,2020
60010,72.476455,-88.16537224,42.15484946,11.57943492,0.124178259,93.9,39.9,26.7,48.77174805,171028,6.460197,0.295991,2.1458,1.2111,6.15294,80.93,500,3818,5,9,0,46326,22431,23895,22594,78,0.214524,2000,445.943315,2020
60012,18.564262,-88.31020842,42.27288891,3.52303523,0.215467763,90.7,44.3,21.4,42.0478352,141926,6.425031,0.342125,2.2491,1.5471,6.461569,96,39,1068,1,4,1,11456,5449,6007,4817,40,0.063513,392,119.954258,2020
60013,15.345235,-88.23492069,42.22108851,2.156224573,4.499730356,103.1,43.9,19.4,32.30015083,119554,7.454849,0.239436,2.1779,1.5018,8.749195,92.91,53,2405,,,0,26520,13463,13057,8566,34,0.036742,595,134.258455,2020
60014,24.982459,-88.32629601,42.23065441,2.238283982,0.160112341,104.7,42,21.1,27.18175223,104798,7.536874,0.342632,2.0073,1.3606,10.305994,90.99,96,4193,3,4,7,46866,23973,22893,12739,68,0.085598,1222,257.469065,2020
60015,13.519322,-87.87472084,42.17279184,12.88998358,4.499730356,97.7,39.6,26,56.0834385,182091,7.597322,1.392969,1.9218,1.2799,11.320843,90.21,314,2122,,,8,26942,13313,13629,15110,100,0.18832,936,153.050128,2020
60016,10.126296,-87.89186712,42.04821867,3.02425107,0.59251675,91.9,41.7,25.9,31.92263212,86427,8.681332,1.17423,1.7014,1.2827,16.212678,65.16,106,3399,3,6,7,59663,28567,31096,19046,79,0.118906,1148,164.174373,2020
60018,9.244896,-87.89529277,42.00997982,0.522931847,5.624725254,98,40.1,21.1,19.14176353,76186,8.03278,3.577022,1.8675,1.3797,14.863206,74.69,61,11604,9,52,10,28477,14095,14382,5451,126,0.330692,1050,137.408792,2020
60020,7.299643,-88.17183141,42.39862881,1.03950104,4.499730356,81.9,45.5,23.3,18.85714286,77857,7.271305,0.08399,1.7039,1.0842,8.986942,90.34,10,952,,,6,10500,4727,5773,1980,6,0.006131,420,65.60147,2020
60021,2.2744,-88.21862908,42.19469212,3.100775194,4.499730356,99.1,49.1,11.4,33.19027182,122019,7.807376,0.064105,2.1895,1.5878,16.054115,88.18,16,500,,,2,5592,2783,2809,1856,2,0.001458,172,36.513479,2020
60022,4.166859,-87.76688973,42.1361817,26.54639175,4.499730356,91.9,37.5,28.3,56.36143117,250000,7.5902,0.461091,1.9042,0.9831,12.787383,92.32,206,570,,,0,8245,3949,4296,4647,16,0.019213,284,53.283221,2020
60025,11.522825,-87.82185973,42.07524704,8.88030888,1.648901203,94,37.1,29.4,45.34799769,132083,8.190371,1.023742,1.8319,1.1672,14.224709,79.08,253,2596,4,19,7,41552,20128,21424,18843,79,0.117964,1252,163.908831,2020
60026,4.001853,-87.83758608,42.0920387,16.17122473,4.499730356,91.2,37.6,29,46.74032341,166023,8.135982,3.301096,1.7023,1.1237,15.727053,73.25,136,705,,,0,13667,6520,7147,6388,60,0.132105,508,62.937354,2020
60029,0.431188,-87.78489303,42.05846624,16.07142857,4.499730356,115.1,42.2,21.5,50.78125,240938,7.079536,1.179764,2.2515,1.1718,9.293703,85.35,9,47,,,0,512,274,238,260,4,0.005087,19,4.007333,2020
60030,30.625952,-88.04936964,42.33157555,2.979578172,0.130608185,105.6,40.1,23.9,35.09875847,117440,7.053749,0.469151,1.8536,1.2451,7.186774,83.93,89,2898,2,4,1,35440,18202,17238,12439,71,0.143682,954,220.101792,2020
60031,18.935159,-87.94144976,42.37456668,2.869993575,4.499730356,95.5,41,18.9,36.94069508,125960,7.594696,2.070123,1.9165,1.3929,11.120286,71.73,134,4535,,,7,37636,18385,19251,13903,83,0.391981,1081,210.564386,2020
60033,115.565459,-88.60663159,42.42341826,0.297619048,4.499730356,94.7,34.3,20.7,9.80784925,64183,4.759051,0.105088,2.0342,1.2003,1.678335,91.89,5,1675,,,2,13479,6555,6924,1322,66,0.121446,434,193.957556,2020
60034,30.803744,-88.42325057,42.45908842,0.337837838,4.499730356,94.9,39.7,17.9,13.632287,86042,4.282121,0.027971,2.2185,1.4629,2.246262,97.13,1,295,,,0,2230,1086,1144,304,8,0.008616,79,69.193289,2020
60035,12.587927,-87.81066761,42.18347977,25.66510172,0.158882396,92.7,36.6,32.6,54.61761924,184970,7.762927,1.232483,1.8604,1.1985,11.650599,89.64,656,1900,1,2,5,29604,14242,15362,16169,185,0.155144,898,146.656895,2020
60037,0.238867,-87.80576026,42.21032325,0,4.499730356,100.8600113,40.4,21.3,27.78634765,105872.56,8.013352657,3.386822,1.718985236,1.238925099,11.330418,66.35516403,0,15,,,0,,,,,7,0.00809,19,2.706463,2020
60040,0.639924,-87.81348844,42.20554787,7.073954984,4.499730356,107.7,42.6,18.8,27.81031551,96449,9.020546,2.945193,1.6945,1.452,19.40935,71.17,22,289,,,1,5293,2744,2549,1472,44,0.018847,97,12.420509,2020
60041,12.484847,-88.15675424,42.36887299,0.834105653,0.160194194,104.3,40.3,22.6,22.22762646,96000,6.490296,0.137559,1.9099,1.1854,6.994763,90.5,9,1070,1,2,3,8224,4199,4025,1828,17,0.017174,443,87.328543,2020
60042,4.005973,-88.20084827,42.27523556,1.451027811,4.499730356,95.5,46.1,20.4,20.55405564,95240,7.662268,0.063905,2.0038,1.3442,11.479116,92.45,12,815,,,1,8519,4162,4357,1751,3,0.00256,261,45.985029,2020
60043,0.603398,-87.71460671,42.08878357,15.87982833,4.499730356,102.2,37.9,20.9,56.79117148,250000,8.269899,0.356481,2.1,1.1205,27.715097,89.47,37,196,,,0,2356,1191,1165,1338,4,0.002151,79,16.723234,2020
60044,7.500042,-87.86786919,42.28675043,8.042635659,4.499730356,86,33.9,27.9,50.90164733,162841,7.221002,1.644337,1.7474,1.039,10.591024,81.64,83,949,,,0,10259,4744,5515,5222,32,0.123326,349,79.433123,2020
60045,21.847284,-87.87077637,42.2385324,12.05852674,0.09154456,95.5,32.9,30.3,57.19944082,227228,6.889869,0.422867,2.0339,1.0911,7.36759,85.45,239,1743,1,2,6,21460,10485,10975,12275,56,0.092385,753,160.961828,2020
60046,26.326375,-88.06051641,42.41408548,1.911407767,0.113954162,98.5,42.3,17.8,27.82576258,120678,7.188208,0.264552,2.1012,1.4203,8.313476,86.62,63,3233,2,3,2,34849,17295,17554,9697,98,0.069647,981,218.863699,2020
60047,35.699996,-88.04639684,42.20231645,8.750673129,0.11204483,97.4,43.1,20,42.78206524,160136,7.07602,0.817986,2.2335,1.501,9.02793,82.46,325,3389,2,4,9,42242,20845,21397,18072,211,0.292021,1542,322.297053,2020
60048,29.632464,-87.94724471,42.29400196,6.599937441,0.269974174,97.1,40.3,23.3,48.87395073,189737,6.896677,0.968232,2.0325,1.2773,6.99098,86.15,211,2986,5,8,8,29306,14438,14868,14323,150,0.286911,974,207.159954,2020
60050,26.14527,-88.2936226,42.33129144,0.868834081,0.076495672,96.1,42.6,21.6,21.553125,97733,7.109823,1.027876,1.9723,1.2817,7.210504,92.95,31,3537,2,2,7,32000,15680,16320,6897,296,0.268741,730,188.520574,2020
60051,36.708621,-88.22757486,42.35370905,1.116071429,0.054483114,104.1,43.6,20.6,23.57912893,105789,6.448465,0.39458,2.2219,1.313,6.047331,93.53,30,2658,1,2,3,23190,11827,11363,5468,65,0.144845,1000,221.989172,2020
60053,5.039841,-87.78888816,42.04237233,6.275303644,4.499730356,97.2,39.2,32.6,37.27601692,110549,8.423132,0.866,1.8662,1.2351,20.269469,61.3,93,1389,,,6,22937,11308,11629,8550,45,0.043645,573,102.154901,2020
60056,11.403199,-87.9316531,42.06684424,2.715978041,0.526168139,98.5,41,24.1,33.21363123,103384,8.463271,1.209055,1.7516,1.252,17.728869,73.52,94,3367,3,6,6,54023,26801,27222,17943,68,0.137871,1331,202.165826,2020
60060,22.889346,-88.0380871,42.26630266,3.738317757,4.499730356,104.7,40.2,22.6,31.01588494,105672,7.395219,0.641574,2.0056,1.4502,8.467729,71.87,116,2987,,,11,37268,19066,18202,11559,150,0.146852,891,193.820778,2020
60061,8.15117,-87.96227236,42.23356999,9.236453202,0.981454196,94.6,42,21.8,42.64895776,124211,8.109312,7.562411,1.7595,1.2625,12.704519,66.32,150,1474,4,8,4,27105,13175,13930,11560,538,0.616425,887,103.556697,2020
60062,19.809708,-87.84518665,42.12707292,11.24352332,1.413448396,90.9,37.9,33.6,52.25843626,160473,7.608385,1.18396,1.8215,1.1368,11.892422,78.25,434,3426,11,28,5,39917,19004,20913,20860,127,0.234539,1760,235.585415,2020
60064,5.264477,-87.8628214,42.32249921,0.509770603,0.189952392,108.4,34.2,16.5,10.77722251,56147,7.968595,1.352746,1.5549,1.2269,13.928703,25.59,6,1171,1,1,1,15208,7911,7297,1639,29,0.071215,256,73.327338,2020
60067,13.459955,-88.06564273,42.10823149,7.213578501,1.040122348,85.8,39.6,25.7,44.56802897,135441,7.962842,1.185739,1.852,1.2733,15.107366,75.07,204,2624,5,14,2,38660,17851,20809,17230,95,0.1596,1273,203.344464,2020
60068,7.292982,-87.84411721,42.01205273,6.795335746,0.274236245,95.3,39.5,27.5,44.99692571,146088,8.542701,1.874871,1.7825,1.232,20.154464,89.59,169,2318,1,2,7,37407,18250,19157,16832,102,0.136734,777,146.986144,2020
60069,6.260795,-87.92492409,42.19315578,11.87096774,4.499730356,96,35.4,36.4,55.68264785,182560,7.179775,1.165379,1.7063,0.9898,14.682359,79.31,92,683,,,2,8218,4026,4192,4576,91,0.072962,458,91.92324,2020
60070,3.701119,-87.92723608,42.10346265,2.204408818,4.499730356,108.7,39.9,23.5,26.58147371,83531,8.354626,0.097565,1.6965,1.2456,14.977246,64.92,22,976,,,1,15729,8193,7536,4181,3,0.003611,450,55.432569,2020
60071,23.904404,-88.31071854,42.46443955,2.424242424,4.499730356,101.8,33.7,32.6,19.87784564,89444,5.015182,0.102701,1.9556,1.0463,3.366831,95.39,12,483,,,0,3602,1817,1785,716,50,0.02455,158,80.482077,2020
60072,8.554997,-88.30655197,42.41276577,3.90625,4.499730356,95.8,37.6,30.1,25.39215686,139500,4.781042,0.168007,2.6107,1.5307,2.809379,96.86,5,123,,,0,1020,499,521,259,19,0.014373,35,24.034233,2020
60073,18.676502,-88.10993721,42.35014616,1.262327416,4.499730356,103,41.9,13.3,17.28530781,92725,8.105298,0.849683,2.1018,1.5669,12.284095,72.12,64,5006,,,12,61856,31392,30464,10692,106,0.158691,1123,229.423934,2020
60074,8.716544,-88.03390742,42.13407802,2.401010952,0.229448736,96.5,41.3,18.8,29.24372874,86806,8.370387,2.05796,1.7065,1.3718,13.933043,60.56,57,2317,1,2,5,37632,18476,19156,11005,107,0.179383,695,121.44798,2020
60076,5.376579,-87.73049342,42.03544993,5.29290853,4.499730356,85.3,37.7,28,36.87764788,98629,8.672288,2.235157,1.7325,1.2389,20.415901,54.39,103,1843,,,6,31393,14455,16938,11577,99,0.120175,654,109.767702,2020
60077,4.327367,-87.75873349,42.03693268,4.8070413,6.932622077,94.8,37.9,26.3,32.92228691,81145,8.76253,5.307107,1.5886,1.1811,23.346032,52.28,71,1406,6,30,4,27653,13459,14194,9104,126,0.229658,604,101.026848,2020
60081,20.658642,-88.21963176,42.45134666,1.451612903,4.499730356,121.3,40,22.5,23.98237516,116875,6.134276,0.070886,2.3546,1.3096,6.025993,92.59,18,1222,,,1,9532,5224,4308,2286,16,0.014644,421,124.48884,2020
60083,26.808843,-87.9479647,42.43743358,5.036726128,4.499730356,105.5,35,28.5,28.10430028,102774,5.871473,0.018774,2.0864,1.2079,4.257341,70.68,48,905,,,4,9511,4882,4629,2673,6,0.005033,280,114.134393,2020
60084,15.719336,-88.14240835,42.26869089,2.518186905,4.499730356,99.4,42.9,22.3,27.14184565,108381,6.983014,0.156813,2.0162,1.381,6.417721,83.35,45,1742,,,4,16948,8448,8500,4600,18,0.02465,441,100.882307,2020
60085,14.224457,-87.86235208,42.35691526,0.6503443,0.42180872,99.6,38.3,13.6,10.53111626,58028,8.519198,0.724688,1.7123,1.298,13.339797,40.74,34,5194,2,6,4,71265,35553,35712,7505,84,0.103083,845,189.751373,2020
60087,14.030566,-87.859292,42.40439704,0.989653621,0.285091849,96.6,37.7,19.3,12.35524288,70116,7.497361,0.459133,1.899,1.3144,7.747732,50.08,22,2201,1,4,1,25301,12429,12872,3126,40,0.064419,492,108.705061,2020
60088,2.614564,-87.85154705,42.3071349,0.238095238,15.29891791,250.8,11.9,1,8.92967304,54331,8.509143,1.631974,1.5797,1.2464,20.361051,62.52,1,419,5,40,2,12968,9271,3697,1158,22,0.042669,279,53.235272,2020
60089,9.563266,-87.96152855,42.16687734,9.033530572,2.091335742,89.8,43.3,21.3,48.92389997,141085,8.357257,0.761445,1.8453,1.3923,17.76711,69.73,229,2306,5,20,9,40749,19280,21469,19936,31,0.072819,1246,169.911596,2020
60090,8.407966,-87.92452927,42.12953973,2.725914862,0.475739317,94.7,43.7,22.4,31.48086007,83406,8.435474,0.915275,1.6926,1.3466,14.63154,58.82,73,2605,2,4,9,38741,18840,19901,12196,29,0.076956,1163,123.021495,2020
60091,5.474733,-87.72878834,42.0772158,17.44966443,4.499730356,95.4,39.4,26.8,57.83217301,206235,8.503597,1.694932,1.7493,1.1325,17.07832,83.04,286,1353,,,3,27004,13184,13820,15617,101,0.092793,537,93.49924,2020
60093,8.544344,-87.75841616,42.10363311,17.67264818,0.702218918,93.5,37.7,27,56.61586597,250000,7.748975,0.356423,2.0049,1.1112,13.276459,90.69,325,1514,3,6,0,19816,9574,10242,11219,30,0.030454,570,113.438629,2020
60096,5.184514,-87.8301259,42.48066188,0.386597938,4.499730356,100,40.6,29.8,21.53432032,98846,7.162245,0.287529,2.0583,1.1825,9.118944,89.65,3,773,,,0,6687,3344,3343,1440,9,0.014907,181,47.277292,2020
60097,18.553725,-88.36293345,42.3904252,0.909090909,4.499730356,105.4,40.7,19.3,13.79696094,83548,6.359849,0.049338,2.006,1.3085,6.274131,88.34,12,1308,,,0,10727,5504,5223,1480,17,0.009154,304,116.408506,2020
60098,104.314342,-88.45776082,42.32282736,1.534757749,4.499730356,94.7,38.4,24.1,22.57124452,84761,5.744628,0.210072,1.8737,1.2739,3.074662,89,51,3272,,,8,32599,15858,16741,7358,168,0.219135,827,320.731319,2020
60099,22.083755,-87.86549918,42.45953476,0.447027269,4.499730356,89.7,36.3,17.5,11.03997346,66612,7.218932,0.272884,1.8327,1.2737,6.786788,58.07,20,4454,,,8,30145,14252,15893,3328,39,0.060263,539,149.877774,2020
60101,11.568816,-88.01071636,41.93024978,2.087561612,0.259317807,96.8,41.1,21.5,17.6831796,79306,8.112591,0.727663,1.9414,1.3639,13.411381,64.95,72,3377,1,3,7,38596,18981,19615,6825,34,0.084182,913,155.153798,2020
60102,16.173375,-88.30699806,42.16116653,2.501812908,4.499730356,97.7,43.7,20.8,31.6101255,124368,7.613261,1.100593,2.1012,1.4877,9.693089,85.19,69,2689,,,7,32749,16187,16562,10352,90,0.178003,889,156.769964,2020
60103,17.733323,-88.20424648,41.97656331,4.304429195,0.338346062,102.4,42.6,21.3,32.96451189,123610,7.766282,0.583128,2.1143,1.4877,9.912946,72.83,138,3068,1,6,5,41845,21172,20673,13794,82,0.103408,887,175.789471,2020
60104,2.369763,-87.87627043,41.88273043,0.12070006,4.499730356,84.4,37.6,20.9,11.8623331,69730,8.978769,0.204198,1.7283,1.2725,22.120476,12.75,2,1655,,,4,18799,8603,10196,2230,3,0.004839,290,52.420285,2020
60106,9.291952,-87.94203645,41.96066551,0.851276915,0.215240027,99.5,39.2,20.8,17.13918799,77972,7.686564,0.539844,1.8669,1.3682,9.17575,71.96,17,1980,2,2,7,20246,10100,10146,3470,20,0.050162,435,85.26063,2020
60107,8.727559,-88.17652575,42.02398182,3.002894356,4.499730356,98.5,42.5,19.3,19.54716037,97511,8.429399,1.075776,2.0505,1.4788,14.84606,60.01,83,2681,,,7,39970,19833,20137,7813,144,0.093889,729,129.569864,2020
60108,7.251431,-88.0921581,41.94950272,5.359246172,4.499730356,89.6,37.6,28.8,30.66144473,108490,8.061181,1.782434,1.8069,1.2845,14.213394,74.8,91,1607,,,3,22980,10857,12123,7046,31,0.129252,661,103.067448,2020
60110,9.100143,-88.28542003,42.12283845,1.60708429,0.109888383,97.9,38.5,13.8,12.66946334,80975,8.365434,0.545486,2.094,1.5538,12.338149,47.52,49,3000,1,1,2,39094,19342,19752,4953,27,0.04964,517,112.278924,2020
60118,23.378657,-88.3000636,42.10562457,2.91639663,0.171096227,95.7,41.4,25.1,32.15087282,111331,6.531017,0.909659,1.9827,1.2821,6.098323,86.36,45,1498,2,4,3,16040,7845,8195,5157,129,0.212666,665,142.5706,2020
60119,49.442318,-88.47311282,41.86373727,2.918454936,4.499730356,100.9,39,25.7,34.50033664,120000,5.348466,0.068868,2.3403,1.4632,3.79935,95.71,34,1131,,,2,10397,5222,5175,3587,28,0.03405,471,187.848694,2020
60120,19.220986,-88.24056903,42.02846847,1.410934744,0.208105869,104.7,38.9,14.8,11.73711719,73486,7.870135,1.338646,2.013,1.4225,10.823306,51.25,56,3913,3,4,7,50319,25732,24587,5906,564,0.257301,983,208.034613,2020
60123,14.703242,-88.31220915,42.03977883,1.115053218,0.544097689,100.1,38.4,21,17.19481563,79954,8.126999,1.474212,1.8858,1.2629,14.034723,58.51,44,3902,4,8,10,49765,24893,24872,8557,102,0.216757,970,206.355926,2020
60124,36.227707,-88.39408664,42.02850826,3.69111219,4.499730356,101.5,43.5,21.9,33.40757238,126358,6.409019,0.113769,2.2018,1.3895,5.899328,82.75,76,1983,,,1,22001,11085,10916,7350,35,0.041216,819,213.719141,2020
60126,11.174308,-87.94200681,41.89659021,6.504614,0.536946001,97,39.4,23.1,41.48544801,144828,8.384488,1.409743,1.9157,1.2878,17.236599,86.96,289,4154,3,6,3,48928,24087,24841,20298,130,0.157529,980,192.607067,2020
60130,2.478262,-87.81568191,41.8679568,3.91198044,2.421051527,85.3,46.9,22.4,42.67091541,101894,8.625446,3.211888,1.3494,1.1704,15.66141,56.82,32,786,1,6,6,13808,6358,7450,5892,37,0.079599,220,38.813077,2020
60131,5.458649,-87.88296877,41.93764935,0.76273495,0.915977561,95.6,40.5,19.4,13.01451076,82608,8.08474,0.266458,1.8019,1.428,16.151544,66.79,28,3643,1,5,0,17711,8657,9054,2305,12,0.014545,447,88.165611,2020
60133,7.566691,-88.14430315,41.98059586,2.097315436,4.499730356,91.2,40.8,15.5,18.14559751,81141,8.518924,0.537831,2.0552,1.5532,16.033693,52.98,50,2334,,,4,37899,18074,19825,6877,14,0.040696,607,121.322001,2020
60134,15.925133,-88.34162604,41.87854257,5.066552168,0.627938241,92.7,43,19.6,44.36978844,143194,7.507911,1.610454,1.9686,1.368,11.431144,92.84,118,2211,5,10,3,29022,13958,15064,12877,187,0.256467,894,182.042496,2020
60136,8.147306,-88.38249146,42.1067693,4.21875,4.499730356,105.8,48.6,13.7,27.31394031,94967,6.882107,0.104734,2.0783,1.3363,8.736299,77.41,27,613,,,1,7941,4083,3858,2169,12,0.008533,190,71.177303,2020
60137,11.657866,-88.06195453,41.86500984,4.62915601,0.857789925,95.2,39.4,24.4,44.3431862,153690,8.08559,2.288764,1.8291,1.2723,14.958191,85.58,181,3729,3,10,3,37857,18462,19395,16787,176,0.266821,822,174.380587,2020
60139,5.664557,-88.07772943,41.91969004,1.684114702,0.353072623,99.8,39.4,17.8,20.63276969,71226,8.698298,0.956032,1.9033,1.4557,17.139587,48.38,37,2160,2,2,0,33946,16955,16991,7004,21,0.054155,489,97.088166,2020
60140,85.875306,-88.51220259,42.07790892,2.010309278,4.499730356,96.2,41.6,20.2,29.38615825,103693,5.353419,0.037907,2.1784,1.4191,2.855643,85.6,39,1901,,,6,18148,8900,9248,5333,25,0.032553,592,245.229213,2020
60141,0.348923,-87.83895624,41.85820311,0,4.499730356,730.8,7.7,90.4,38.58024691,105872.56,6.833648,18.492332,0.6098,0,24.598206,50,0,6,,,0,324,285,39,125,35,0.064524,39,8.58288,2020
60142,41.166904,-88.4467892,42.1777738,2.888700085,4.499730356,98.5,34.3,37.3,29.01801,95810,6.564495,0.27287,1.7004,0.9398,5.419848,88.82,68,2286,,,1,29206,14494,14712,8475,46,0.112332,783,223.11835,2020
60143,7.464536,-88.01991968,41.97345323,3.370058328,0.937767599,89.3,43.4,26.6,34.23846823,112092,7.339069,1.260695,1.9906,1.4895,11.457627,82.52,52,1491,3,7,2,11490,5421,6069,3934,53,0.094105,494,85.525869,2020
60148,13.987375,-88.01814326,41.87463387,0.603007685,0.714930428,93,39.7,22.1,35.10767044,101594,8.221939,1.870394,1.8155,1.286,15.298562,76.77,164,27033,4,10,10,52057,25082,26975,18276,130,0.261619,1199,213.986719,2020
60151,85.470886,-88.56682109,41.91684279,0.530973451,4.499730356,103.4,39.1,26.1,19.93879473,108371,3.906028,0.020206,2.3548,1.4398,1.799185,95.1,3,562,,,0,4248,2159,2089,847,15,0.01727,180,153.777962,2020
60152,94.604717,-88.62672551,42.24023226,0.82697201,4.499730356,92.7,31.7,27.2,18.84281425,100938,4.869515,0.008448,2.1827,1.2718,2.18582,96.94,13,1559,,,3,12323,5928,6395,2322,14,0.007992,432,206.78888,2020
60153,3.535751,-87.84103277,41.87535621,0.616698292,4.499730356,96.8,39.1,20.3,10.39355916,64212,8.795469,1.80963,1.6699,1.2295,22.046826,17.36,13,2095,,,4,23351,11488,11863,2427,54,0.063984,367,77.952088,2020
60154,3.4567,-87.88729261,41.85147409,1.945525292,0.289293257,89.9,38.6,35.5,33.54660105,108067,8.455841,1.684207,1.7843,1.153,20.060124,67.23,25,1260,1,1,5,16255,7693,8562,5453,37,0.058218,329,69.34183,2020
60155,1.92365,-87.85635293,41.8570349,0.873907615,4.499730356,104.4,42.7,25.6,13.78142504,80000,8.29176,2.02121,1.5357,1.107,22.582938,18.93,7,794,,,2,7677,3922,3755,1058,10,0.038881,184,43.441669,2020
60156,11.139197,-88.34577188,42.19140186,2.596849723,0.179546156,93.8,44.2,12.4,24.95380217,107850,7.85352,0.431988,2.0779,1.5575,10.446519,85.07,61,2288,1,2,2,28681,13878,14803,7157,76,0.04812,597,116.365835,2020
60157,1.804754,-88.0551174,41.97264752,5.020920502,4.499730356,106.2,36.8,29.8,22.04379562,112500,7.325289,1.004292,2.404,1.3535,13.469914,95.73,12,227,,,0,2740,1411,1329,604,10,0.018125,103,24.309881,2020
60160,4.432024,-87.86315073,41.90301279,0.897363993,1.128152736,106.9,40.4,15.2,8.3566668,58719,8.651954,2.05502,1.7973,1.3427,17.772787,50.66,16,1767,3,5,4,25357,13099,12258,2119,21,0.091079,413,78.769418,2020
60162,3.278133,-87.90244145,41.86739061,1.317365269,4.499730356,97.6,38.9,23.4,16.72086043,76131,7.799423,2.429432,1.7757,1.2145,17.754707,32.87,11,824,,,4,7996,3949,4047,1337,30,0.07964,310,58.20229,2020
60163,1.426138,-87.9114224,41.88925327,0.925925926,4.499730356,114.8,39.1,23.3,13.09312857,72051,8.1779,0.739129,2.063,1.2817,22.07137,41.31,4,428,,,1,5079,2715,2364,665,15,0.010541,139,31.47682,2020
60164,4.614067,-87.90033461,41.91789496,0.661157025,4.499730356,103.5,40.9,19.5,9.97632576,74496,8.428866,0.130817,1.8952,1.3224,17.646008,66.15,12,1803,,,3,21120,10741,10379,2107,8,0.006036,437,81.419864,2020
60165,0.351834,-87.8804257,41.9032683,0.289017341,4.499730356,101.2,44.8,9.1,3.07724081,46944,9.529679,0.713973,1.9407,1.5785,39.54233,40.36,1,345,,,0,4842,2436,2406,149,3,0.002512,80,13.912336,2020
60169,8.930768,-88.12294969,42.05226,3.794642857,0.447889812,95.2,40.3,17.7,30.28466317,84510,8.219658,1.76734,1.848,1.4128,14.507012,50.69,68,1724,3,4,4,33162,16173,16989,10043,95,0.157837,589,129.558759,2020
60171,2.237611,-87.83877466,41.92469734,1.140684411,0.893810408,89.7,43.4,21,13.33735061,74795,8.400622,2.727507,1.7924,1.2913,15.03013,82.93,9,780,1,2,2,9957,4708,5249,1328,25,0.061031,198,33.631585,2020
60172,8.040275,-88.09593843,41.97688086,3.252427184,0.497495421,87.6,41.9,22.1,27.70884342,107049,8.005379,0.682253,1.9312,1.394,14.095896,81.64,67,1993,1,4,6,24097,11249,12848,6677,18,0.054855,574,113.334881,2020
60173,7.382952,-88.04871358,42.0511912,6.002728513,1.896260466,96.6,47.3,14.1,53.76020287,113868,7.443785,6.530247,1.523,1.2311,14.421032,42.53,88,1378,5,14,5,12619,6199,6420,6784,137,0.482125,707,106.469789,2020
60174,14.646157,-88.29885313,41.92742294,3.658969805,0.409663777,92.8,40,23,34.90063645,110363,7.650962,1.09202,1.9724,1.3003,12.834632,86.16,103,2712,4,6,5,30796,14824,15972,10748,155,0.159939,844,187.978037,2020
60175,34.647788,-88.39207891,41.94726238,5.146096816,0.057723743,105.9,40.2,21.2,36.12698413,167644,6.64999,0.376766,2.4042,1.4451,7.132786,89.34,118,2175,1,2,3,26775,13771,13004,9673,85,0.130541,839,247.135264,2020
60176,2.662385,-87.86910755,41.95807918,1.417769376,2.629221544,113.3,43.3,22.4,19.80172189,72034,8.370793,0.983216,1.8231,1.2777,18.656889,78.78,15,1043,3,7,10,11499,6107,5392,2277,28,0.026177,253,49.671822,2020
60177,9.059004,-88.30921675,41.98964972,2.606882169,4.499730356,105.6,46,15.7,24.99458804,110043,7.843699,0.267226,2.1643,1.539,11.645423,78.62,50,1868,,,4,23097,11862,11235,5773,13,0.024208,502,105.495932,2020
60179,0.586234,-88.23052146,42.0770026,0,4.499730356,100.8600113,40.4,21.3,27.78634765,105872.56,8.013352657,0.188832,1.718985236,1.238925099,2.968197,66.35516403,0,8,,,0,,,,,1,0.001107,4,1.740058,2020
60180,20.105355,-88.5258191,42.22221497,1.204819277,4.499730356,100,33,21.1,11.6468039,99442,4.51979,0.138162,2.2397,1.4269,2.117143,98.92,3,246,,,0,1846,923,923,215,5,0.027778,72,42.565912,2020
60181,6.511479,-87.97606629,41.87668817,2.7696793,2.457199048,97.2,40.4,19.4,25.85731313,89462,8.413992,0.657347,1.8361,1.3134,17.04938,75.48,76,2668,3,16,3,29365,14474,14891,7593,17,0.042803,571,111.016681,2020
60183,0.057362,-88.40791117,41.93911135,6.25,4.499730356,100.8600113,40.4,21.3,27.78634765,105872.56,8.013352657,0,1.718985236,1.238925099,226.114902,66.35516403,1,15,,,0,,,,,,,2,12.970403,2020
60184,7.813089,-88.25670655,41.95223758,8.846153846,4.499730356,85.8,42.3,28.8,30.97670617,150000,5.746818,0,2.3661,1.3867,6.075311,86.23,23,237,,,0,2447,1130,1317,758,,,114,47.466946,2020
60185,30.75881,-88.21206205,41.8944963,2.055845351,0.097533032,97.8,41.2,17.7,20.06126865,96893,7.053391,0.389508,2.1502,1.4894,7.348641,68.49,67,3192,1,3,4,35581,17597,17984,7138,63,0.119808,776,226.035455,2020
60187,6.637118,-88.11274239,41.87248314,3.93979637,0.30133561,100.7,35,21.8,40.59639999,132129,8.403223,2.941894,1.8413,1.303,16.946189,86.39,89,2170,1,2,2,29611,14854,14757,12021,191,0.195257,530,112.473858,2020
60188,10.635516,-88.12908801,41.9154267,2.61229691,0.188049174,97.1,41.1,21.7,30.73881173,104332,8.268575,2.80638,1.9298,1.4094,14.582089,64.96,82,3057,1,2,8,41472,20436,21036,12748,190,0.298473,764,155.088042,2020
60189,11.231019,-88.11774087,41.83763509,6.844106464,4.499730356,97.5,37.6,25,47.31253493,127938,7.904143,1.306961,1.834,1.2609,10.996942,81.77,108,1470,,,2,30419,15018,15401,14392,75,0.146785,658,123.506859,2020
60190,4.309415,-88.15675036,41.87100175,7.029478458,4.499730356,102.8,41.4,27.4,45.2154598,145064,7.867766,0.585718,2.062,1.3549,13.776956,89.81,62,820,,,2,11255,5706,5549,5089,27,0.025241,276,59.370621,2020
60191,5.156905,-87.98030063,41.96304652,2.417582418,4.499730356,106.5,38,24.3,18.38677355,88077,7.904474,0.425081,1.9094,1.3252,13.766345,75.26,33,1332,,,2,13972,7206,6766,2569,23,0.021921,379,70.991732,2020
60192,7.686758,-88.16680258,42.07580678,7.381889764,4.499730356,106,43.7,24.1,45.12741708,134562,7.61668,3.129941,2.0512,1.3568,12.715982,60.72,75,941,,,1,15618,8037,7581,7048,92,0.240591,496,97.744673,2020
60193,9.294651,-88.09520767,42.01166671,4.080908446,4.499730356,96.3,41.8,23.9,31.01789939,97134,8.338899,1.714126,1.7933,1.257,16.579731,72.03,115,2703,,,3,38884,19078,19806,12061,82,0.159322,956,154.102815,2020
60194,3.626465,-88.11178422,42.03379217,4.515599343,4.499730356,93.9,43.6,22.1,33.82520451,98537,8.580327,2.078526,1.6536,1.2667,24.099024,53.88,55,1163,,,1,19314,9355,9959,6533,51,0.075377,486,87.394267,2020
60195,2.389813,-88.09139163,42.06950256,0.82815735,4.499730356,78.4,46,14.2,56.51524845,93354,7.581759,1.481413,1.2866,1.2469,15.447663,35.21,4,479,,,0,4689,2061,2628,2650,18,0.035403,116,36.917027,2020
60196,0.225509,-88.05238778,42.06568272,0.371747212,4.499730356,100.8600113,40.4,21.3,27.78634765,105872.56,8.013352657,10.087846,1.718985236,1.238925099,7.753314,66.35516403,1,268,,,0,,,,,7,0.022749,4,1.748442,2020
60201,4.513856,-87.69854673,42.05676084,14.20454546,2.658480909,93.6,28.8,23.2,45.21818973,149054,9.123546,1.875315,1.2537,1.04,21.894266,67.64,225,1359,6,12,3,41386,20013,21373,18714,69,0.084649,580,98.827564,2020
60202,3.130048,-87.6896899,42.03044995,12.34662577,3.194839185,88.8,43.9,20.3,46.5376001,110048,9.250804,2.896345,1.3136,1.2985,18.48534,60.91,161,1143,6,10,8,32593,15330,17263,15168,79,0.090657,295,57.860003,2020
60203,0.676469,-87.71742841,42.04897398,12.39669422,4.499730356,80.2,35.3,28.3,50.96516008,138594,8.745072,0.925689,1.8461,1.3007,26.420321,78.04,30,212,,,1,4248,1891,2357,2165,8,0.006262,85,17.872528,2020
60208,0.259341,-87.67475726,42.05494091,20.96774194,15.42370855,100.8600113,40.4,21.3,27.78634765,105872.56,8.013352657,4.332905,1.718985236,1.238925099,12.377572,66.35516403,13,49,2,4,0,,,,,19,0.011237,24,3.210012,2020
60301,0.154578,-87.79878551,41.88861288,10.60606061,38.81535536,85.4,42.4,31.1,69.57971981,107401,9.872757,6.996468,0.9469,0.8223,59.952089,59.47,14,118,3,6,0,2998,1381,1617,2086,17,0.010815,66,9.267274,2020
60302,2.97902,-87.78971104,41.89473982,15.48387097,4.499730356,87.5,42.7,22.8,51.41599088,145313,9.268305,0.845144,1.3427,1.1689,23.492028,65.53,240,1310,,,7,31568,14734,16834,16231,46,0.025177,251,69.983222,2020
60304,1.560486,-87.78939614,41.87252125,10.19184652,2.563303996,88.4,40.9,20.3,47.82732664,142528,9.327014,0.213011,1.5672,1.4132,27.647163,68.16,85,749,1,4,5,17536,8230,9306,8387,7,0.003324,127,43.143011,2020
60305,2.449756,-87.81924792,41.89500452,17.07779886,4.499730356,95.4,37.2,24.1,52.31094367,193171,8.398969,1.797526,1.6295,1.1703,16.846774,83.19,90,437,,,2,10883,5313,5570,5693,47,0.044035,203,41.270486,2020
60402,6.448167,-87.78918115,41.83090472,0.965073529,0.155082832,102.1,41.2,18,14.25496979,74367,9.182783,0.965174,1.7238,1.337,20.965497,50.47,42,4310,1,1,10,62729,31697,31032,8942,69,0.062236,462,135.189025,2020
60403,4.849655,-88.12167056,41.56561375,0.542740841,4.499730356,125.5,40.5,22,15.40169759,65305,8.337694,0.371181,1.6929,1.0504,14.915748,65.7,8,1466,,,1,20264,11277,8987,3121,6,0.018001,309,72.336231,2020
60404,15.038762,-88.22126389,41.50817717,2.360622803,0.13298967,102.6,37.3,26.6,27.8219479,120938,7.147755,0.039644,2.0719,1.222,7.7461,84.18,47,1944,1,2,2,19118,9680,9438,5319,6,0.005962,484,116.491748,2020
60406,5.713579,-87.68134042,41.65449993,0.493938033,4.499730356,104.1,38.1,16.9,10.21702967,56328,8.417182,0.478737,1.5045,1.1719,15.842564,50.26,11,2216,,,4,25849,13186,12663,2641,20,0.027353,537,90.517739,2020
60409,7.708219,-87.55115596,41.61293629,0.183150183,4.499730356,81.9,37.5,21.2,13.58856165,55612,8.455328,2.344134,1.4514,1.0251,13.718179,19.16,6,3270,,,1,36229,16317,19912,4923,91,0.180691,533,105.742731,2020
60410,33.953777,-88.19624358,41.41997662,0.991253644,4.499730356,96.3,38,20.6,20.61238074,103026,5.986999,0.10183,2.3024,1.3791,2.696226,95.21,17,1698,,,4,13521,6632,6889,2787,25,0.034575,371,91.547049,2020
60411,32.183803,-87.59043633,41.50918395,0.4626952,0.03107153,91.6,36.8,19.3,12.61651015,57038,7.476919,0.582663,1.6616,1.1189,9.146491,29.81,24,5163,1,1,4,56862,27188,29674,7174,39,0.187523,1154,294.36887,2020
60415,2.126447,-87.77987721,41.70308437,1.047619048,0.940536021,104.6,39,21.8,16.80889208,63452,8.788424,3.485956,1.6229,1.116,23.704202,76.33,11,1039,1,2,1,13945,7128,6817,2344,23,0.074127,290,50.405729,2020
60417,35.682239,-87.5941304,41.43108586,1.26146789,4.499730356,95,34.6,33.7,23.80325278,86234,6.053542,0.009175,2.0379,1.0845,3.722432,62.18,22,1722,,,0,15187,7397,7790,3615,7,0.003274,536,132.824706,2020
60418,2.808678,-87.74052269,41.64524741,2.283105023,4.499730356,100.8600113,40.4,21.3,27.78634765,105872.56,8.013352657,0.490088,1.718985236,1.238925099,18.791285,66.35516403,10,428,,,1,,,,,2,0.013765,285,52.778668,2020
60419,4.471658,-87.5983234,41.62824626,0.137931034,4.499730356,85.7,35.1,22.9,12.29754587,57634,8.514089,0.020731,1.4515,0.9896,16.856437,4.8,3,2172,,,1,22289,10286,12003,2741,1,0.000927,337,75.37622,2020
60422,3.875514,-87.68406951,41.53801673,6.032171582,2.064242317,96,39.1,26.5,41.18653127,129671,7.788988,0.247735,1.8009,1.1334,17.595548,35.08,45,701,1,8,1,9355,4581,4774,3853,5,0.009601,293,68.191791,2020
60423,38.670119,-87.83853316,41.47837725,3.445378151,0.02585976,95.2,39.9,22.7,32.31933095,133291,6.6972,0.046566,2.1819,1.424,6.523778,86.41,123,3447,1,1,4,31328,15276,16052,10125,16,0.018007,994,252.275273,2020
60425,4.085602,-87.61159171,41.54194666,0.632911392,4.499730356,74.9,36.7,21.1,20.65811489,71648,7.693614,0.332387,1.7348,1.0906,11.392929,22.21,5,785,,,0,8965,3839,5126,1852,5,0.01358,196,46.546975,2020
60426,7.662724,-87.65231858,41.61022359,0.238853503,4.499730356,90.1,34.1,21.1,7.69838137,47772,8.198687,0.331083,1.4107,0.9474,17.658607,19.51,6,2506,,,6,27863,13208,14655,2145,13,0.02537,621,135.31303,2020
60428,5.536183,-87.69288825,41.60028102,0.091827365,4.499730356,89.2,32.8,18.6,9.41410458,45380,7.686924,0.136665,1.5999,1.0078,17.652311,17.93,1,1088,,,1,12067,5689,6378,1136,6,0.007566,315,97.726423,2020
60429,4.33178,-87.68230541,41.57391177,1.085383502,0.461703965,78.6,35.1,19.8,17.0856883,65560,8.17569,0.233091,1.5146,1.0176,22.42845,10.39,15,1367,1,2,2,15393,6775,8618,2630,3,0.010097,385,97.155113,2020
60430,6.796082,-87.66240279,41.55769177,1.72972973,0.147143604,94.7,39.6,22.9,31.03710462,90813,7.973448,0.133783,1.6731,1.1571,14.771363,47.28,32,1818,1,1,4,19728,9596,10132,6123,10,0.009092,451,100.387397,2020
60431,14.503428,-88.20724485,41.53230028,0.751341682,0.137898433,92,41.4,15.2,18.87259011,104697,7.405574,0.202952,2.1205,1.4396,10.322587,76.76,21,2774,1,2,6,23860,11430,12430,4503,31,0.029435,608,149.712891,2020
60432,7.692691,-88.04372998,41.54014691,0.74941452,4.499730356,107.1,40.2,12.6,8.16980574,53729,7.877218,0.963239,1.838,1.2831,9.807857,42.53,16,2119,,,1,20282,10489,9793,1657,80,0.074099,423,75.448815,2020
60433,14.728193,-88.0451917,41.49692727,0.333889816,0.135793984,105.6,38.8,20.6,7.18073492,65214,6.992391,0.367126,1.8293,1.1294,6.067586,52.89,6,1791,1,2,2,16029,8231,7798,1151,41,0.054071,408,89.364581,2020
60435,10.305344,-88.12852245,41.54564762,0.834064969,0.194074065,95.9,39.8,18.4,14.68227492,77864,8.476277,0.476394,1.7445,1.2019,17.433618,63.74,38,4518,2,2,3,49461,24216,25245,7262,41,0.049094,805,179.659431,2020
60436,20.637406,-88.12286023,41.48715238,0.438596491,0.193822809,98.9,39.3,16.4,7.72662967,61540,6.791804,0.426144,1.7232,1.2383,4.807578,54.96,8,1816,1,4,6,18378,9138,9240,1420,18,0.087945,452,99.215936,2020
60438,7.670643,-87.54997664,41.56728653,0.5521049,4.499730356,77.8,38.3,22.7,18.8151709,70466,8.212899,0.56522,1.691,1.0991,16.796823,44.65,16,2882,,,0,28291,12381,15910,5323,30,0.043356,584,128.842433,2020
60439,30.820229,-87.97409388,41.67748607,4.508196721,0.064892445,100.4,40.1,26.3,30.33161923,131675,6.686266,0.572981,2.0927,1.3058,5.806747,92.25,99,2097,1,2,2,24697,12372,12325,7491,132,0.176594,773,178.965259,2020
60440,16.062508,-88.07665836,41.69966848,2.192242833,1.618676237,97.3,40,18.2,22.00038139,89188,8.090937,1.638368,2.0059,1.4167,11.98695,49.61,91,4060,6,26,12,52440,25856,26584,11537,94,0.263163,923,192.540487,2020
60441,30.418144,-88.05135414,41.59571826,1.277173913,0.065750231,92.3,43.5,17.4,22.41409795,94381,7.017133,0.281786,2.0234,1.3722,6.414751,87.95,47,3633,1,2,5,33934,16287,17647,7606,80,0.085714,905,195.124811,2020
60443,12.061966,-87.74806287,41.50213367,0.789473684,0.165810449,86.4,36.4,27.7,25.6429164,106773,7.494918,0.526838,1.7667,1.0612,11.246655,20.47,15,1885,2,2,2,21698,10060,11638,5564,19,0.063547,507,135.656769,2020
60445,4.838926,-87.73806195,41.62903503,0.222222222,4.499730356,96.8,40.2,27.4,15.60741411,78973,8.566245,0.494759,1.7251,1.0673,15.729394,79.77,5,2245,,,0,25411,12498,12913,3966,22,0.023941,315,76.113374,2020
60446,20.120586,-88.10023503,41.63278898,1.417721519,0.099400683,98.7,41.4,14.6,13.98131495,93711,7.595691,0.576559,2.2163,1.5858,7.466397,59.72,56,3894,1,2,13,40032,19883,20149,5597,75,0.116007,767,150.228277,2020
60447,65.678324,-88.32056196,41.48763306,0.773908237,4.499730356,91.2,42.6,14.9,21.55748903,96875,5.355379,0.070003,2.2643,1.4617,1.883208,87.02,14,1795,,,5,13907,6633,7274,2998,29,0.045977,384,123.685978,2020
60448,18.41521,-87.89319128,41.53778572,2.133245816,0.108605875,100.5,41.7,22,30.81768297,128245,7.247972,0.158939,2.1479,1.4634,10.180254,95.54,65,2982,1,2,7,25878,12970,12908,7975,21,0.029269,762,187.471508,2020
60451,27.248118,-87.96258808,41.50565954,1.330580408,4.499730356,103.5,42,17,29.08480408,125174,7.187289,0.247092,2.2112,1.4868,7.927552,95.16,58,4301,,,6,36036,18332,17704,10481,38,0.067328,840,216.010878,2020
60452,7.623185,-87.75537108,41.60775328,0.650593188,4.499730356,99.8,41,22.7,22.24596993,94019,8.194558,0.365123,1.948,1.3515,15.450436,79.97,17,2596,,,0,27605,13792,13813,6141,53,0.027834,461,117.781529,2020
60453,8.718137,-87.75311466,41.71381449,1.032036121,0.688220431,96.2,39.4,25.8,25.34270017,90853,8.759003,1.427507,1.7253,1.1019,22.571771,78.78,48,4603,4,6,11,55515,27223,28292,14069,73,0.124452,893,196.783793,2020
60455,4.792631,-87.8098667,41.74264653,1.489505755,4.499730356,98.5,39.1,22.5,13.77047131,63594,8.113139,2.21006,1.8522,1.1368,18.240346,82.98,22,1455,,,2,15998,7939,8059,2203,23,0.10592,411,87.419247,2020
60456,0.476079,-87.73113503,41.73127222,0.602409639,4.499730356,87.1,44.8,19.2,12.31024668,63523,9.088814,0.638129,1.6476,1.0974,37.981215,87.33,2,330,,,0,4216,1963,2253,519,4,0.003038,84,18.082059,2020
60457,2.583271,-87.82837304,41.72578098,1.727447217,4.499730356,106.4,39.2,20.3,16.36179597,79613,8.585611,0.891505,1.8425,1.3013,21.106053,90.54,18,1024,,,5,13831,7131,6700,2263,8,0.02303,271,54.522655,2020
60458,2.640303,-87.83660467,41.74903823,1.045627376,4.499730356,95.6,36.8,14.7,11.06541324,62414,8.66589,0.061205,1.7079,1.2233,20.595745,64.77,11,1041,,,0,15318,7487,7831,1695,2,0.001616,265,54.379008,2020
60459,4.392198,-87.76929121,41.74487618,0.941704036,4.499730356,108,37.9,20.4,11.35093331,79422,8.775968,2.322527,1.9747,1.3099,23.24,73,21,2209,,,6,28447,14769,13678,3229,40,0.10201,430,102.074682,2020
60461,3.339906,-87.69159524,41.51767738,3.99113082,4.499730356,84.6,28.3,32.2,35.8135557,120278,7.244469,0.769363,1.907,1.109,14.296383,13.47,18,433,,,1,4677,2144,2533,1675,12,0.025696,274,47.748574,2020
60462,15.811261,-87.83885607,41.62488903,2.625028287,0.379476374,100.4,37.6,29.4,30.33668605,101418,7.837586,1.50346,1.8648,1.1406,11.437289,85.3,116,4303,2,6,5,40067,20075,19992,12155,99,0.237716,984,180.837958,2020
60463,6.464631,-87.78932601,41.65714902,2.692003167,4.499730356,100.4,31.6,39.3,32.92113218,107563,7.719413,0.268615,1.9443,1.1163,14.550485,93.1,34,1229,,,1,14556,7291,7265,4792,23,0.017365,475,94.063519,2020
60464,12.705991,-87.86621717,41.66946687,6.692913386,4.499730356,89.6,34.2,41.7,36.73766234,139917,6.630046,0.213938,1.8427,0.9995,6.448793,87.48,51,711,,,3,9625,4548,5077,3536,34,0.027183,347,81.938311,2020
60465,5.628157,-87.83066575,41.69958195,2.572096648,4.499730356,83.3,39,30.4,22.61440949,81045,8.024708,1.043468,1.7868,1.0126,10.763315,87.2,33,1250,,,3,17197,7816,9381,3889,33,0.058728,302,60.577626,2020
60466,6.380334,-87.68547101,41.47692435,0.471698113,0.313463214,88.2,40.1,21.8,19.62504795,66286,8.092177,0.076987,1.4997,1.0265,13.124822,25.47,9,1899,1,2,0,20856,9777,11079,4093,5,0.004912,351,83.740745,2020
60467,14.784176,-87.888673,41.59927625,5.460588794,4.499730356,98.1,39.3,30.5,34.06125269,111264,7.474446,0.214601,1.9948,1.1783,10.404787,88.49,115,1991,,,0,26056,12904,13152,8875,21,0.031727,835,153.826205,2020
60469,1.214389,-87.68669402,41.62790194,0.699300699,4.499730356,129.7,38.2,13.2,9.41262313,61833,8.414984,0,2.0212,1.0722,26.765714,60.89,4,568,,,1,5482,3095,2387,516,,,131,32.503989,2020
60471,4.415953,-87.72787026,41.47819117,0.704225352,4.499730356,93.4,41.4,19.8,18.81081081,79120,8.05262,0.507727,1.6203,1.1275,12.486922,7.81,8,1128,,,1,13875,6702,7173,2610,9,0.022421,257,55.14166,2020
60472,1.649384,-87.70889817,41.64354151,0,4.499730356,79.2,36.6,22.4,14.33172303,59783,8.010371,0,1.518,0.8952,21.278015,6.84,0,401,,,1,4968,2195,2773,712,,,176,35.095618,2020
60473,8.012304,-87.60050261,41.59738077,1.034768212,0.24961609,81.1,38.4,24.4,19.05620408,80690,7.926283,0.337107,1.8323,1.1254,14.872507,15.81,25,2391,2,2,3,22187,9934,12253,4228,18,0.02701,682,119.163049,2020
60475,5.461279,-87.63277027,41.47362923,0.620475698,4.499730356,111.6,38.6,24.8,11.76650992,65846,7.490616,0.032373,1.7578,1.0308,11.970505,71.51,6,961,,,0,9782,5159,4623,1151,4,0.001768,227,65.374265,2020
60476,4.097403,-87.60392161,41.56618185,2.258064516,4.499730356,91.8,40.2,26.2,15.13186338,85375,6.335947,0.287206,1.8021,1.2238,6.923174,72.55,7,303,,,2,2313,1107,1206,350,12,0.011768,77,28.367035,2020
60477,17.722998,-87.77992401,41.56832633,1.062515444,4.499730356,95.5,40.6,25.3,24.56911761,89688,7.639558,0.848417,1.7851,1.181,10.30683,83.69,43,4004,,,1,36843,17996,18847,9052,33,0.150365,714,182.667931,2020
60478,6.543714,-87.72573205,41.55840233,4.334187273,1.222547318,82.2,38.5,23.1,23.80377723,85357,7.837025,0.738052,1.8869,1.0654,15.458597,8.07,,,1,8,1,16573,7477,9096,3945,11,0.048296,379,101.156637,2020
60480,11.002907,-87.87919052,41.71591684,4.794520548,4.499730356,96.8,38.6,32.9,30.38530645,117212,6.120832,0.359005,1.9873,1.2406,3.35701,93.05,21,417,,,1,5009,2464,2545,1522,67,0.039501,206,36.936868,2020
60482,2.275053,-87.79265892,41.68767071,0.404448938,4.499730356,98.1,40.6,22.9,13.95825568,68540,8.458982,0.820069,1.6817,1.0995,21.064362,83.79,4,985,,,1,10732,5314,5418,1498,8,0.018657,286,47.922539,2020
60487,7.401489,-87.83371449,41.56432847,2.177068215,0.270215898,107.8,40.1,22.2,32.63738722,123662,8.195297,0.60881,2.0735,1.4787,14.814432,86.2,45,2022,2,2,4,26822,13912,12910,8754,13,0.045061,525,109.648852,2020
60490,7.948527,-88.14405483,41.67769512,6.715867159,0.251618948,96,44.5,11.5,36.3232804,134424,7.919015,0.207259,2.4107,1.7379,11.68995,49.94,91,1264,1,2,3,21851,10703,11148,7937,12,0.016474,452,92.917885,2020
60491,25.808388,-87.95982264,41.6020173,2.62919311,4.499730356,96.3,37.3,29.1,28.37009804,123451,6.785919,0.051355,2.2995,1.3571,5.866114,91.09,58,2148,,,10,22848,11209,11639,6482,42,0.013254,626,151.394938,2020
60501,3.076691,-87.82066836,41.77885683,0.531914894,4.499730356,100,36.5,16.7,7.82939189,55671,8.255384,0.142393,1.8888,1.3216,10.74305,59.16,5,935,,,7,11840,5919,5921,927,5,0.004381,222,33.053044,2020
60502,10.7767,-88.25915071,41.79234597,8.214747736,4.499730356,93.4,44.4,17.2,41.36264693,139244,7.664558,0.82747,1.9902,1.3421,12.393205,66.46,127,1419,,,7,22970,11092,11878,9501,72,0.089174,687,133.557852,2020
60503,3.848077,-88.25923653,41.7132961,4.117647059,4.499730356,86.4,50.1,9.8,35.58535028,124907,8.406776,0.184404,2.0368,1.6365,17.083183,55.36,42,978,,,1,17229,7987,9242,6131,4,0.007096,297,65.737403,2020
60504,8.988127,-88.23828671,41.74648882,3.529034328,2.89270501,100.3,44.1,10.5,31.95264772,96243,8.386859,5.768944,1.8349,1.5028,15.644537,56.2,110,3007,5,26,6,39449,19754,19695,12605,298,0.51852,829,140.615084,2020
60505,11.291516,-88.29443915,41.76379573,0.527871622,0.354248269,101.2,39.4,13.9,7.00671628,61209,8.755036,0.824681,2.0282,1.4655,14.695055,50.2,25,4711,1,4,10,71617,36017,35600,5018,90,0.093119,687,165.929453,2020
60506,25.635908,-88.37788744,41.76469594,1.05361742,0.390077855,102.9,39.2,17.9,16.30378388,73240,7.687236,0.996208,1.8418,1.2904,9.64654,61.59,45,4226,3,10,4,55895,28350,27545,9113,202,0.255387,871,247.297803,2020
60510,19.90353,-88.32516832,41.84287401,3.356216629,0.100484688,94.5,41,20.9,37.46252385,124636,7.296219,1.298885,1.9869,1.3386,8.719905,88.65,88,2534,1,2,7,29352,14264,15088,10996,432,0.258524,749,173.556897,2020
60511,31.959451,-88.55181808,41.76009094,0.393700787,4.499730356,130.3,34.6,24.9,18.09851088,103977,4.000615,0.009831,2.374,1.3048,1.976041,96.79,1,253,,,0,1746,988,758,316,3,0.003142,112,63.153186,2020
60512,8.764098,-88.43689026,41.7037157,1.923076923,4.499730356,78,50.7,26.8,53.38120886,161848,5.250514,0,2.3822,1.8721,5.114816,44.58,3,153,,,1,1671,732,939,892,,,103,44.826747,2020
60513,3.102658,-87.84700792,41.82467867,1.986754967,4.499730356,84,45,20,30.51194907,103072,8.695265,2.15483,1.8328,1.3098,23.565417,82.97,27,1332,,,6,18537,8462,10075,5656,24,0.066857,231,73.115429,2020
60514,2.02262,-87.95666762,41.79653113,9.62962963,4.499730356,88.8,40.7,21.8,50.01003009,168362,8.502942,1.381129,1.7039,1.2108,21.080715,83.76,65,610,,,0,9970,4688,5282,4986,30,0.027935,197,42.638275,2020
60515,11.676341,-88.02457577,41.80955574,6.161137441,0.599502875,93,39.1,26.1,44.36700264,144140,7.781609,2.25968,1.7334,1.1557,13.968894,89.26,169,2574,5,7,5,27978,13485,14493,12413,186,0.263848,830,163.105569,2020
60516,8.174437,-88.01336784,41.76184089,3.912828133,0.244665168,97.9,39.4,27.3,42.83207935,127576,8.195834,0.549604,1.8722,1.1349,19.829328,88.43,79,1940,1,2,4,29639,14659,14980,12695,30,0.044927,693,162.093589,2020
60517,8.765909,-88.04187663,41.74092672,3.910614525,0.684469802,102,42.3,19,34.7705536,103665,8.20571,0.881129,1.838,1.4273,16.00146,69.99,98,2408,2,6,8,32099,16208,15891,11161,32,0.077239,781,140.267344,2020
60521,5.173296,-87.92828718,41.79876048,19.85815603,4.499730356,102.2,42.1,20.1,53.58938933,240500,8.159881,0.989215,2.0327,1.2836,19.500126,80.14,308,1243,,,6,18095,9148,8947,9697,52,0.051175,521,100.879924,2020
60523,10.07719,-87.94935095,41.8369623,22.34881683,3.473190443,80.9,30.5,44.5,48.83744751,145163,6.876081,2.611135,1.8222,0.7937,11.815322,67.14,255,886,12,35,1,9763,4367,5396,4768,110,0.263129,909,119.065248,2020
60525,15.240389,-87.86649202,41.78112248,5.477245268,0.656151231,94,39.2,26.9,34.99372399,123229,7.594095,1.394289,1.702,1.1477,11.50073,87.09,136,2347,5,10,15,30274,14670,15604,10594,130,0.212495,880,175.275606,2020
60526,2.775061,-87.87274166,41.83278435,5.896805897,4.499730356,90.7,39.7,23.7,42.46471392,136328,8.465631,0.94924,1.7555,1.251,21.014262,87.97,48,766,,,3,13178,6266,6912,5596,27,0.026342,167,58.31586,2020
60527,14.639829,-87.93435393,41.74375928,12.4198718,0.409840853,93.4,37.4,33.9,46.21268657,130956,7.512411,1.228115,1.8643,1.1304,11.505229,78.26,310,2186,3,6,6,26800,12944,13856,12385,146,0.179794,996,168.434587,2020
60532,8.666003,-88.08491207,41.79116778,4.402756508,0.230786904,107.9,41.1,21.4,43.40936123,121113,8.101265,1.993757,1.6433,1.1696,16.337737,74.28,115,2497,1,2,5,28586,14833,13753,12409,90,0.172779,945,141.582878,2020
60534,1.986021,-87.82046435,41.81297793,0.948991696,4.499730356,96.3,40.6,19.4,11.91744986,76892,8.555803,1.297015,1.6896,1.2031,20.209377,68.37,8,835,,,2,10321,5062,5259,1230,26,0.025759,194,40.136248,2020
60538,9.453272,-88.35662387,41.72114611,1.074443592,0.211566958,97.3,40.4,12.6,17.11338013,96321,8.000929,0.2782,2.1238,1.5659,14.664973,79,28,2578,1,2,3,28206,13913,14293,4827,16,0.026299,600,138.631977,2020
60539,0.363011,-88.33297478,41.82263055,0,4.499730356,1650,78.9,0,28,105872.56,6.178108,0.877108,1.718985236,1.238925099,24.201349,84,0,33,,,0,175,165,10,49,1,0.003184,44,8.785356,2020
60540,13.824178,-88.14630253,41.76293923,10.7979734,1.157392505,94,40.1,22,48.551963,151688,8.062954,3.621264,1.9427,1.3137,15.55414,78.63,341,2817,8,16,5,43887,21263,22624,21308,309,0.50061,1199,215.023195,2020
60541,83.179937,-88.52119332,41.5190879,0.619834711,4.499730356,89.3,39.8,20.7,17.31673582,106250,3.771841,0.0017,2.401,1.4176,0.852035,96.4,3,481,,,0,3615,1705,1910,626,3,0.001414,156,70.872224,2020
60542,8.942473,-88.34747935,41.81043147,2.065613609,2.907473134,97.9,45,19.6,29.65201764,108240,7.627281,0.486689,2.0489,1.3607,12.679509,79.36,34,1612,6,26,5,18363,9085,9278,5445,57,0.043522,495,113.386171,2020
60543,43.436908,-88.32104016,41.66345166,2.391367746,0.092087586,96.4,43.1,15.7,28.45834351,113204,6.848309,0.530818,2.0667,1.3644,4.709007,78.9,82,3347,1,4,1,40930,20095,20835,11648,1301,0.230571,914,204.544717,2020
60544,24.227247,-88.21713866,41.61216561,2.049944092,4.499730356,80.8,36.9,24.6,25.6487062,111979,7.042035,0.368515,1.949,1.2188,6.309715,78.48,55,2628,,,6,27709,12387,15322,7107,45,0.089281,708,152.867016,2020
60545,37.766019,-88.53749205,41.67493601,0.772698004,4.499730356,101.5,43.1,18,15.71682992,88714,5.877256,0.208788,2.0496,1.356,3.256678,80.97,12,1541,,,3,13476,6788,6688,2118,68,0.078851,400,122.991746,2020
60546,3.735527,-87.82110543,41.83719929,6.315789474,4.499730356,97.2,39,25.4,34.21225671,110893,8.311688,3.864542,1.7362,1.1712,17.006325,81.17,66,979,,,5,15208,7495,7713,5203,74,0.144361,388,63.527585,2020
60554,29.361829,-88.45998466,41.7798193,2.771179731,4.499730356,105.7,38.9,27.4,32.1319634,125521,6.050423,0.196572,2.0125,1.1752,4.939705,88.47,35,1228,,,3,12458,6401,6057,4003,43,0.057717,457,145.038775,2020
60555,14.796483,-88.205932,41.83010124,4.347826087,4.499730356,93.7,41.7,20.3,33.3684686,100635,6.799775,1.190107,1.9042,1.3928,6.446753,80.53,51,1122,,,3,13282,6424,6858,4432,72,0.176094,529,95.389277,2020
60558,3.603004,-87.90082868,41.808205,11.60287081,0.555092362,101.2,40.9,21,52.07216728,194731,8.209758,0.868053,2.0466,1.2827,17.85261,95.36,97,739,1,2,2,13247,6664,6583,6898,25,0.031276,266,64.323026,2020
60559,5.155377,-87.97460366,41.7958291,6.132329209,4.499730356,87.5,41.4,24.1,35.54906258,99004,8.472167,2.058298,1.6985,1.2159,18.733773,71.87,114,1745,,,5,24642,11501,13141,8760,84,0.106113,495,96.579664,2020
60560,79.800563,-88.43134454,41.60849326,1.960045232,4.499730356,109.5,44,14.8,22.65659004,103442,5.757961,0.124144,2.1247,1.481,2.8432,84.65,52,2601,,,1,25273,13208,12065,5726,67,0.099068,890,226.888933,2020
60561,6.089488,-87.98117328,41.74613529,6.51135006,0.328434837,100,39.6,28.2,41.18814501,111957,8.22241,0.848084,1.9771,1.2752,18.353399,78.33,109,1565,1,2,7,22674,11336,11338,9339,44,0.051644,584,111.762804,2020
60563,14.065593,-88.17505047,41.79656896,6.924493554,0.710954739,93.8,41.9,19.7,45.90176615,121732,7.922057,3.664879,1.6126,1.2498,13.784534,67.93,188,2527,1,10,13,38785,18771,20014,17803,217,0.515487,1137,193.88764,2020
60564,15.805639,-88.1995539,41.70702262,12.84916201,0.759222705,100,46,14.8,48.19886871,162109,7.923981,1.037408,2.1743,1.4969,12.808348,62.79,391,2652,5,12,8,43667,21834,21833,21047,95,0.163969,947,202.444131,2020
60565,12.929615,-88.12228326,41.73034452,9.482401656,0.154683647,97.3,41.5,21.8,49.07414483,150547,8.018467,0.590636,2.0732,1.3726,12.430407,73.65,229,2186,1,2,5,39261,19363,19898,19267,68,0.076367,852,160.720381,2020
60585,16.9377,-88.21616292,41.65973858,6.903657908,4.499730356,99.6,47.6,11,40.5442497,143385,7.317009,0.337437,2.2612,1.6238,7.094102,69.73,134,1807,,,1,25503,12727,12776,10340,27,0.057154,546,120.157765,2020
60586,17.603121,-88.23276256,41.57085778,1.728691477,4.499730356,97.2,42.8,12,21.72681181,111329,7.888592,0.056893,2.3025,1.6432,9.304024,78.61,72,4093,,,3,46942,23140,23802,10199,8,0.010015,885,163.779858,2020
60601,0.335444,-87.62126325,41.88585147,14.46280992,77.50921167,83.8,39.1,22.9,74.20243919,183459,10.6751,18.376838,0.5962,1.0657,22.086715,65.54,105,621,7,26,0,14513,6619,7894,10769,13,0.061644,181,7.408856,2020
60602,0.117083,-87.62734086,41.88320901,2.035928144,59.78664708,114.5,70.9,1.1,85.21303258,250000,9.520128,23.538857,0.7144,1.5476,29.09015,54.26,17,818,2,7,0,1596,852,744,1360,3,0.02756,66,3.405962,2020
60603,0.231351,-87.62348154,41.87981133,8.791208791,95.09360236,111.8,41.5,21.6,77.99325464,196164,8.542161,28.172344,0.6382,1.0171,20.736336,61.3,16,166,2,22,0,1186,626,560,925,7,0.065177,73,4.797372,2020
60604,0.086525,-87.62897135,41.87817927,3.389830508,34.6720601,65.3,38.1,18.2,68.3127572,105872.56,9.038996,13.921988,0.6247,1.0366,29.138353,70.92,4,114,1,3,0,729,288,441,498,6,0.012046,46,2.521196,2020
60605,1.483404,-87.62125243,41.86597821,19.08396947,4.718876314,89.5,49.3,14.2,65.05331179,181104,9.945789,6.795856,0.7815,1.1314,13.439137,61.89,150,636,4,7,2,30950,14620,16330,20134,92,0.10081,344,19.935669,2020
60606,0.240768,-87.63692925,41.88259696,16.02787456,41.53375864,90.8,63,11.9,90.29338327,186729,9.496077,4.366444,0.4727,1.2007,25.545675,60.11,46,241,4,10,0,3204,1525,1679,2893,9,0.010513,96,6.150581,2020
60607,2.292835,-87.6514525,41.87487273,9.551886792,18.7540752,103.3,43.4,8,58.60225698,151667,9.489312,7.912955,0.9166,1.2448,28.623813,57.86,162,1534,12,43,4,30306,15396,14910,17760,205,0.181431,561,65.62968,2020
60608,6.346433,-87.67093294,41.84871406,2.412790698,4.499730356,125.8,42,15.2,23.29679669,61374,9.442026,4.009544,1.1466,1.2658,18.704938,41.09,83,3357,,,15,80011,44577,35434,18640,169,0.254463,1046,118.709636,2020
60609,7.592591,-87.65533172,41.81244473,1.112015189,4.499730356,98.1,38.5,16.9,11.4993972,47300,8.984068,1.67753,1.1294,1.0429,19.894381,38.9,41,3646,,,21,60551,29982,30569,6963,73,0.127368,788,151.049896,2020
60610,1.068621,-87.6362724,41.90474242,14.41111924,9.357854656,91.2,38.9,21.2,67.82487669,186207,10.553836,4.059063,0.6659,1.0836,24.378623,71.76,197,1170,2,10,1,40954,19535,21419,27777,71,0.043376,243,26.051508,2020
60611,0.885381,-87.61820469,41.89434562,18.83802817,44.04883321,88,41.7,27.3,78.91092318,209571,10.553998,4.353945,0.6642,0.9873,14.162777,71.58,214,922,16,39,0,33937,15883,18054,26780,28,0.038549,190,12.539454,2020
60612,3.813055,-87.68747753,41.88051673,3.75,1.83579833,87.2,41.6,16,27.99937965,55067,9.042532,6.904988,0.9017,1.0217,26.377023,30.14,72,1848,3,7,7,32240,15015,17225,9027,187,0.263291,637,100.577038,2020
60613,1.885413,-87.66001369,41.95399234,8.968609865,2.121551087,95.1,47.1,12.9,65.06935933,145884,10.213227,2.536898,0.8274,1.2607,26.013947,80.1,140,1421,2,4,4,51399,25060,26339,33445,72,0.047831,265,49.047034,2020
60614,3.355569,-87.65102866,41.92263241,19.10569106,1.490060255,100.1,38,13.2,67.78190659,215122,9.979216,4.009275,0.944,1.2931,19.7546,84.29,470,1990,2,5,6,72391,36219,36172,49068,151,0.134534,550,66.287925,2020
60615,2.369067,-87.60341547,41.80195119,5.784526392,0.844214199,82,36.3,21.3,48.10670421,86944,9.763649,2.574178,0.8182,0.9025,23.050894,31.65,80,1303,1,2,6,41198,18559,22639,19819,76,0.060984,253,54.609113,2020
60616,3.779486,-87.62796609,41.84452226,4.307192198,2.381276184,91.6,42.9,22.1,40.37521167,79902,9.540066,8.065594,0.9648,1.0452,24.412365,32,106,2355,5,9,8,52557,25127,27430,21220,200,0.304838,745,92.266193,2020
60617,17.651703,-87.55720338,41.70972302,0.366724571,4.499730356,82.1,36.6,21,12.93772305,52411,8.444873,1.105281,1.2816,0.9945,11.666437,32.11,19,5162,,,9,82101,37008,45093,10622,161,0.195101,1043,205.93248,2020
60618,5.059562,-87.7029244,41.94662964,5.259365994,1.185873402,99.3,48,13,37.68569195,104490,9.836619,2.992492,1.3213,1.4444,26.921108,70.38,219,3945,4,6,17,94646,47154,47492,35668,169,0.151407,782,136.209015,2020
60619,6.101187,-87.60532129,41.74394561,0.488997555,4.499730356,78.3,38.4,26.1,20.1199244,53743,9.216226,1.149596,1.006,0.8082,21.606046,1.32,20,4070,,,25,61372,26956,34416,12348,84,0.070139,579,131.822527,2020
60620,6.913464,-87.65166479,41.7407705,0.213776722,4.499730356,82.2,37,23.8,12.75868588,47539,9.204921,3.494037,1.0727,0.8504,22.148986,1.83,9,4201,,,16,68761,31029,37732,8773,333,0.241559,862,153.12622,2020
60621,3.772087,-87.63987815,41.77630623,0.200133422,0.795315697,83.3,34,23.1,6.68387193,28033,8.866138,1.124815,0.7268,0.6383,28.727902,2.72,3,1496,2,3,11,26736,12148,14588,1787,49,0.042429,446,108.364144,2020
60622,2.594312,-87.68380074,41.90331259,8.902077151,4.499730356,102.6,50.9,9.2,60.93811961,139874,9.923914,2.290203,1.1245,1.4547,27.742216,77.47,270,2763,,,4,52957,26818,26139,32271,90,0.059415,498,71.971964,2020
60623,5.448693,-87.71709661,41.84884398,0.246636771,4.499730356,97.4,38.1,17,8.33118921,40406,9.565647,1.05585,1.1431,1.0675,19.038544,32.89,11,4449,,,9,77732,38364,39368,6476,77,0.05753,561,103.735182,2020
60624,3.552494,-87.7232282,41.88080328,0.437636761,4.499730356,91.8,36.3,17.8,7.39145319,32925,9.196995,1.72932,0.8462,0.7599,25.576383,5.12,8,1820,,,9,35054,16777,18277,2591,77,0.061434,446,90.859948,2020
60625,3.662941,-87.70434244,41.97182967,5.066344994,0.27300467,95.8,47.1,14.3,38.8556204,84955,9.976656,2.265174,1.1374,1.3543,24.218177,61.35,126,2361,1,1,7,78820,38567,40253,30626,117,0.082972,414,88.709752,2020
60626,1.769159,-87.66965155,42.00913512,4.031117397,2.260961282,93.6,43.7,14.9,36.50547857,67019,10.26941,3.493355,0.7742,1.1201,22.1199,53.96,57,1357,2,4,5,51017,24670,26347,18624,88,0.061803,229,39.13362,2020
60628,10.899455,-87.61772526,41.69218582,0.341841386,4.499730356,84.7,36.9,23.5,15.22428009,54266,8.693553,1.998366,1.2616,0.9044,18.076779,4.48,15,4373,,,14,65008,29820,35188,9897,210,0.217811,907,197.027038,2020
60629,7.553414,-87.71275391,41.77501522,0.243210377,0.132390466,95.3,36.6,15.3,7.16204948,53577,9.567239,0.901857,1.5023,1.2092,20.018541,40.82,18,7383,1,1,19,107930,52680,55250,7730,57,0.068121,590,151.208325,2020
60630,4.736033,-87.75797947,41.97191239,3.013314646,0.422294355,97.3,43.6,23.1,31.9345687,96701,9.372392,1.349146,1.5155,1.2593,24.816043,67.89,86,2768,1,2,12,55692,27468,28224,17785,82,0.063896,619,117.529598,2020
60631,3.850515,-87.81399555,41.99453806,2.015939991,4.499730356,96.1,41.9,25.6,35.52522173,132904,8.922144,2.482239,1.6132,1.2252,24.197088,87.34,43,2090,,,1,28864,14142,14722,10254,54,0.095579,450,93.171251,2020
60632,7.690598,-87.71337637,41.81192764,0.436601783,4.499730356,106.8,37.3,15.5,7.76682235,51800,9.330384,1.963631,1.5055,1.2497,18.421053,49.22,24,5473,,,22,86715,44793,41922,6735,83,0.151015,578,141.668913,2020
60633,8.691294,-87.55758085,41.65588935,0.353045013,4.499730356,99.6,42.7,20.2,10.91194969,66575,7.288609,4.085237,1.4854,1.0086,6.77246,62.96,4,1129,,,0,12720,6347,6373,1388,72,0.35506,250,58.861442,2020
60634,6.565278,-87.80316789,41.945359,1.535140321,4.499730356,94.1,44,21.3,19.1947516,85050,9.35147,0.868859,1.6933,1.3525,23.32382,73.21,64,4105,,,7,75604,36653,38951,14512,75,0.057043,480,153.127362,2020
60636,3.783643,-87.66902747,41.77586877,0.138376384,4.499730356,83.5,35.1,25.9,7.21395519,38138,8.979565,2.090287,0.9623,0.6767,25.139646,5.28,3,2165,,,11,30039,13669,16370,2167,93,0.079089,463,95.119446,2020
60637,4.525875,-87.60301412,41.78104981,1.529535865,1.325710498,78,34.1,18.3,22.35902276,38942,9.239995,2.435396,0.728,0.775,21.62519,15.53,29,1867,3,6,7,46621,20429,26192,10424,114,0.110223,467,97.872905,2020
60638,11.487542,-87.76996698,41.78288695,0.695571528,1.741016486,103.9,42.8,19.5,16.14000035,82249,8.510543,1.696943,1.6833,1.2175,12.96629,70.85,30,4283,3,20,11,57057,29073,27984,9209,78,0.194937,685,148.950803,2020
60639,4.581825,-87.75599797,41.92045662,0.528750826,0.873014574,99.6,39.8,16.9,9.27865334,57337,9.86883,2.267459,1.5324,1.4058,26.668984,42.51,24,4515,1,4,15,88515,44171,44344,8213,90,0.103891,555,122.192618,2020
60640,2.928632,-87.65988835,41.9710549,7.393939394,2.390194466,106.7,49,17.7,50.48188624,96650,10.077793,3.62333,0.7809,1.1121,18.342989,63.18,122,1528,4,7,7,69726,35987,33739,35199,156,0.106114,350,53.719866,2020
60641,4.092557,-87.74703182,41.94617892,2.420027816,0.488692033,91.7,44.4,17.4,23.56655217,82341,9.749406,1.576007,1.4991,1.3727,27.119906,61.95,87,3508,2,2,9,70163,33561,36602,16535,78,0.064499,505,110.989763,2020
60642,1.71021,-87.65778957,41.90117614,4.334187273,9.355576216,102.6,49.2,8.4,66.12847308,143917,9.376376,5.491899,1.084,1.4404,26.183452,69.02,,,4,16,7,20191,10223,9968,13352,113,0.093923,479,44.779201,2020
60643,7.305465,-87.66221868,41.69941714,1.506591337,4.499730356,82.3,38.7,25.5,27.77320267,90522,8.80218,2.221009,1.4963,1.0544,22.547852,23.28,48,3138,,,8,48572,21929,26643,13490,142,0.162255,796,164.722546,2020
60644,3.565574,-87.75747955,41.88033755,0.45379538,4.499730356,89.7,35.9,22.2,7.85295847,37070,9.463309,1.044572,0.8961,0.8489,25.471152,6.21,11,2413,,,8,45919,21718,24201,3606,36,0.037245,419,90.819278,2020
60645,2.245249,-87.69504368,42.00846201,2.835648148,4.499730356,101.1,38.7,19.8,32.35444549,71947,9.947468,1.920767,1.3498,1.2679,25.505318,55.1,49,1679,,,2,46924,23593,23331,15182,67,0.043126,217,57.265789,2020
60646,3.836287,-87.76136336,41.99348687,4.789382574,2.085349714,86.2,40,24.9,39.61367627,126612,8.932028,0.559969,1.7383,1.2237,24.697641,84.16,83,1650,3,8,3,29043,13442,15601,11505,40,0.021482,481,94.747239,2020
60647,3.813669,-87.70225617,41.92109659,7.728557964,4.499730356,99,46.5,10.7,45.33960634,98676,10.019526,2.912602,1.1269,1.4168,28.567448,73.9,246,2937,,,13,85658,42612,43046,38837,173,0.111077,799,108.946791,2020
60649,2.91271,-87.57036942,41.76339526,0.713266762,4.499730356,80.6,39.5,22.6,18.94061677,49943,9.690605,2.104157,0.7808,0.8595,24.026315,4.14,15,2088,,,8,47084,21014,26070,8918,79,0.061288,299,69.981689,2020
60651,3.538134,-87.74108032,41.90241092,0.531757755,4.499730356,86.5,38.5,17.1,9.18199092,44170,9.798011,1.834894,1.3133,1.1536,19.20284,19.76,18,3367,,,14,63679,29530,34149,5847,61,0.064921,282,67.94222,2020
60652,4.542528,-87.71205502,41.7459939,0.362677217,0.440283472,94.4,40.3,18,13.57575184,80280,9.138964,4.577187,1.8091,1.2712,20.012271,29.39,11,3022,1,2,7,42296,20543,21753,5742,51,0.20792,513,90.906302,2020
60653,2.43091,-87.61019475,41.81952273,2.359882006,4.499730356,76.1,37.3,20.8,25.05212367,55375,9.533242,3.334924,0.8568,0.7805,24.436857,7.18,32,1324,,,2,33574,14514,19060,8411,98,0.081069,291,59.403799,2020
60654,0.625065,-87.63776137,41.89261439,18.1122449,51.19467575,109.1,53.8,11.1,80.43916971,221467,10.413185,5.00348,0.6451,1.1894,19.692037,75.57,142,642,3,32,2,20812,10861,9951,16741,51,0.031275,211,12.308803,2020
60655,3.84918,-87.70118672,41.69638708,0.728862974,4.499730356,94.3,40.2,21.6,32.01901264,129898,8.883887,1.955352,1.7361,1.2459,24.974192,87.47,20,2724,,,3,27771,13475,14296,8892,102,0.075265,390,96.130162,2020
60656,3.591668,-87.82806954,41.97195114,1.401617251,4.499730356,105.8,44,24,31.69898558,87920,8.995814,2.478097,1.5535,1.1518,20.824256,80,26,1829,,,2,28982,14896,14086,9187,68,0.089005,342,74.793813,2020
60657,2.229955,-87.65698183,41.93967609,12.93891294,5.829714053,108.7,41.4,12,72.46095135,184766,10.361231,2.188116,0.8102,1.2825,25.593577,83.88,269,1810,4,13,5,70489,36709,33780,51077,89,0.048794,323,57.072524,2020
60659,2.758823,-87.70203289,41.98972288,1.708817498,4.499730356,99.9,39.7,17.5,26.23451862,63388,9.673566,2.126849,1.3766,1.2886,21.549459,51.78,25,1438,,,5,43843,21911,21932,11502,78,0.058676,335,59.451144,2020
60660,1.253893,-87.66546701,41.99107348,6.75024108,1.595032431,103.8,43.7,18.3,41.75843655,70092,10.491072,2.591928,0.855,1.1577,24.524199,60.09,70,967,1,2,5,45131,22991,22140,18846,66,0.0325,223,30.750721,2020
60661,0.332499,-87.64356404,41.88279756,12.20285262,24.06022274,104.8,56.4,4.2,80.60368921,159016,10.38229,8.956117,0.6275,1.2693,31.710489,62.77,77,554,4,8,0,10734,5494,5240,8652,37,0.029779,173,10.543706,2020
60666,7.502059,-87.90236647,41.9799694,0.004448399,2.932528257,100.8600113,40.4,21.3,27.78634765,105872.56,8.013352657,5.47643,1.718985236,1.238925099,1.749263,66.35516403,1,22479,3,22,2,,,,,42,0.410845,55,13.123075,2020
60706,3.095518,-87.81700421,41.96392468,2.382620883,0.32304771,98.5,39.8,29.7,21.21557621,92661,8.904736,2.725457,1.6506,1.1556,23.022737,85.44,34,1393,1,1,9,22804,11314,11490,4838,36,0.084367,412,71.267296,2020
60707,3.818924,-87.80798327,41.92171512,1.947782843,0.523707725,89.9,42.9,21,20.63675355,84708,9.315736,2.510576,1.64,1.2859,24.955254,67.19,47,2366,1,2,5,42434,20084,22350,8757,44,0.095877,355,95.302219,2020
60712,2.6845,-87.73341268,42.005363,10.36204744,1.490035388,94.8,32.1,35.6,42.62441238,99401,8.432945,2.784541,1.756,0.9973,29.892678,67.56,83,718,1,4,7,12338,6003,6335,5259,46,0.074751,391,80.246894,2020
60714,6.724578,-87.80996306,42.02720692,2.638812534,1.189665731,93.9,38.3,31.8,29.10394509,85935,8.383967,4.001009,1.7001,1.1701,16.93759,71.7,48,1771,5,8,10,29429,14248,15181,8565,95,0.269051,834,113.898144,2020
60803,8.527024,-87.73453065,41.67302762,0.970054829,4.499730356,93.8,38.5,23.5,15.05769145,72699,7.875672,0.660606,1.6422,1.109,11.33233,68.41,23,2348,,,6,22447,10862,11585,3380,47,0.05633,553,96.631052,2020
60804,6.410569,-87.75867343,41.8426711,0.471286437,0.311984786,97,39.1,13.1,6.3542114,56657,9.450472,1.807562,1.733,1.4724,16.819818,31.49,27,5702,1,2,15,81505,40122,41383,5179,37,0.115875,527,107.824601,2020
60805,3.546499,-87.70182222,41.72236017,1.003344482,3.947555039,81.6,41.6,20.6,25.66614826,97958,8.601381,1.536558,1.7647,1.2729,21.780953,64.19,18,1776,2,14,8,19290,8667,10623,4951,17,0.054494,349,77.246127,2020
60827,7.235392,-87.6302166,41.65024975,0.153688525,4.499730356,80.3,36.6,16.3,8.9419988,42273,8.272586,0.796695,1.2149,0.8931,12.587964,5.79,3,1949,,,3,28327,12618,15709,2533,78,0.057644,426,91.078851,2020
